student_id,prior_knowledge,study_hours,num_interactions,avg_quiz_score,sentiment_score,gender,age_group,course_type
0,0.7044925873934571,14.609291513653679,57,48.46440635091242,-0.6064747310897776,Female,18-22,STEM
1,0.6248415773482662,5.694431372063002,69,70.84127326468936,-0.21312065723712348,Male,23-30,Humanities
2,0.6826353313674164,17.906161398903585,82,46.78152080971398,0.06260029582027515,Male,23-30,STEM
3,0.44385504374493545,17.520365416589804,82,48.32061978313379,0.686178291964799,Female,23-30,STEM
4,0.934522436163233,9.497749193961882,81,93.04118502725379,0.03902918657820176,Female,18-22,Humanities
5,0.3872551203699738,13.583214133749635,26,52.38000466923254,0.39383990225382925,Female,23-30,STEM
6,0.8077382941072435,13.976120745130956,46,73.2182961605865,0.8877886262984198,Male,18-22,STEM
7,0.5079758333820684,13.042695063295628,33,66.78806693783744,-0.5764684961734312,Female,18-22,Humanities
8,0.5774994085647874,9.798779384618319,24,63.40919629171866,-0.3329564066168168,Male,31+,STEM
9,0.8051227856874404,9.313506528247794,74,92.69116732142544,-0.12922067148400107,Female,23-30,STEM
10,0.8881124246901441,11.897783716034219,21,46.15664002910094,-0.08289209648398665,Male,18-22,STEM
11,0.34808833511580844,16.690916077037457,81,80.18085336730621,-0.10126417204857219,Female,23-30,STEM
12,0.6816419560649146,14.17440061837773,40,96.05990501331817,0.7429387043461435,Male,23-30,STEM
13,0.6550097352471481,10.517542671655576,40,74.68891372347763,0.413855495593656,Female,31+,Humanities
14,0.3658084412892505,15.08679484259338,29,94.65159048775386,0.23343886395419644,Male,23-30,Humanities
15,0.7263833877414941,4.0,77,47.76966760215926,-0.2740663796332704,Male,31+,Humanities
16,0.3974690584301637,16.595062801488414,58,67.19604591093055,0.6004436531762012,Male,18-22,Humanities
17,0.5978582308493159,5.0411448848876015,24,58.78836292098871,0.8236028695244813,Male,23-30,STEM
18,0.5388995996145717,10.550236234387471,84,83.73351114397869,0.5960370803353852,Male,18-22,STEM
19,0.5765390593805341,7.521320421495425,32,97.00874579635408,-0.7973393211744961,Male,23-30,STEM
20,0.507413885021885,6.821274097116377,72,58.59609330954513,0.281882329311792,Male,18-22,STEM
21,0.7738677208779795,16.64330714951408,64,79.67125387812595,-0.7130698515484288,Female,23-30,STEM
22,0.3612440197914908,10.129195194752434,51,55.499174536266224,-0.36206772543267285,Female,23-30,Humanities
23,0.6821955339900886,13.386015526922863,55,74.96250349229533,-0.6988080094087882,Female,23-30,Humanities
24,0.5169371746187721,11.812317684483263,79,69.58842179448182,0.2264522700139593,Female,23-30,STEM
25,0.5854433454943163,13.908163308892487,30,96.51628247047147,0.3672028529374316,Female,23-30,STEM
26,0.6768885386241652,12.30728756424102,82,77.25194545291274,-0.6053710152879613,Male,23-30,STEM
27,0.46485602676548843,6.8680311032457215,40,63.52383772060139,-0.1474738988235349,Male,23-30,Humanities
28,0.567379928211398,15.98506727778856,71,51.04707659906047,-0.0243979347755785,Male,23-30,STEM
29,0.6107298782563663,10.02497366735475,74,53.01608192295153,-0.17260986300644177,Male,23-30,STEM
30,0.44819888029976324,5.773672405360996,45,56.94179728741546,-0.5942574991751719,Male,18-22,STEM
31,0.5179598004938224,10.28753935613635,87,58.301233051035794,-0.08778875668129182,Female,31+,Humanities
32,0.6641718629763524,18.00303916253724,53,90.08265106558031,0.4770026812743109,Female,23-30,STEM
33,0.26884521561311,15.400886968453971,71,74.74480777897382,-0.6792869702934657,Female,31+,Humanities
34,0.2748581090065901,10.605391462368564,71,72.73971830284142,-0.6636939760607642,Female,23-30,Humanities
35,0.531184844579554,10.602969182726286,48,51.08275020906853,-0.1968888038788268,Male,23-30,Humanities
36,0.6380083898135049,10.71345979513047,57,90.58740374752006,0.8009337097521727,Male,18-22,Humanities
37,0.9291340034367088,20.306991934243364,61,83.30915807004963,0.336573499428954,Male,18-22,Humanities
38,0.5662522418325643,13.527741808926214,40,48.58642318070008,0.3537389263433601,Female,31+,Humanities
39,0.3264361315542444,13.720166588764279,61,82.51526015317773,-0.18473601557562958,Male,18-22,STEM
40,0.23805119434513483,16.12113381612737,32,73.80752551916024,0.20922334505451534,Female,18-22,STEM
41,0.551769392874842,12.955156636106054,83,49.33144332457925,-0.7827769871528363,Male,31+,STEM
42,0.888768476965741,10.963831416717188,36,69.28993400101879,0.2813632788962219,Male,18-22,Humanities
43,0.29676244393421874,11.214600603660086,28,70.68890321789249,0.7525878108796025,Female,23-30,STEM
44,0.5183531362483166,11.713594962343745,60,53.78605062865361,0.24137489618619257,Male,31+,Humanities
45,0.634615781893128,11.851111053960633,20,95.12200179101497,0.6852876088927866,Male,31+,Humanities
46,0.4618169756919842,14.910518174547919,21,90.04869468847508,0.4307541942923596,Female,23-30,Humanities
47,0.7783312659332009,12.207783543229198,79,80.45818387844274,-0.5950506921137266,Male,18-22,STEM
48,0.7487289544738609,14.930560308862317,67,69.50166473303219,0.734170622385931,Female,31+,Humanities
49,0.32070591474439086,11.67713367956567,48,66.82357370397895,-0.6870454645951827,Male,31+,Humanities
50,0.6692413962839393,12.314540761264363,29,79.50159375900057,0.10774470333119845,Male,23-30,STEM
51,0.7241499189898494,4.007197261871569,77,73.90788907856599,-0.558366889551122,Male,23-30,STEM
52,0.5421882521140183,15.665310698809925,79,48.300474611739936,-0.7800987617574632,Male,18-22,Humanities
53,0.38270973830030514,13.385953903591972,40,72.16264038482758,-0.08254175778301365,Male,31+,Humanities
54,0.8293510630521423,15.99204043943861,47,87.7393917133405,-0.2984307969879344,Male,18-22,STEM
55,0.3492826262425747,4.0,53,69.33971351263878,0.026200839455925218,Male,18-22,STEM
56,0.45570372472501475,20.353498819122912,27,47.753698610376226,0.18123980744873647,Male,23-30,STEM
57,0.6907429918773439,11.441641487379306,78,86.67274456735376,-0.7256435770747895,Female,31+,Humanities
58,0.8004569732393634,16.432731266950064,68,55.67228045320664,-0.5908943982896324,Female,31+,STEM
59,0.8535341538052207,7.8403762914978765,36,58.706904249066056,0.14969207396572315,Male,31+,STEM
60,0.43938794404298337,14.451095620250278,79,53.72943673191168,-0.21661549960648097,Male,23-30,STEM
61,0.8255764129939701,7.786337747305375,64,62.50139843818937,0.4395949288340617,Female,23-30,Humanities
62,0.5859428611834739,9.504924157216779,88,85.10782980149766,0.30889580260629756,Male,23-30,STEM
63,0.5977723646388882,19.656125415467145,51,72.52745055370868,0.6375274170828418,Male,23-30,STEM
64,0.5273007205923933,11.237270396946613,63,55.85870752998777,0.37723780533768303,Female,23-30,STEM
65,0.8193919014419067,12.869731492718891,84,91.52499414205816,-0.0691171684367482,Male,31+,STEM
66,0.2527069567382404,15.480270922755016,27,91.61783831243105,0.34404325807053504,Male,18-22,STEM
67,0.3589622668582942,13.982727551890418,62,91.14065652743837,-0.3318520037657885,Female,31+,Humanities
68,0.8435289427290973,12.601675620574305,20,57.65619920322158,-0.2792670520770384,Male,18-22,Humanities
69,0.6952183725378687,13.459844009864902,70,68.91568524159237,0.5412747718653488,Male,23-30,Humanities
70,0.9056678994954842,21.6136623409531,43,97.20445177546638,-0.041086822117310295,Female,18-22,STEM
71,0.7805543610531639,11.769524811865658,43,85.91666124442949,0.5572465788811993,Male,31+,Humanities
72,0.507805809191317,12.80439618685987,36,46.43987332495467,0.5981180352360733,Female,31+,Humanities
73,0.7942409289591242,16.20261758403045,24,48.455843336806076,0.6578559740241825,Male,18-22,Humanities
74,0.7724540562072525,16.422103731831935,39,69.58836297105364,0.7582799009300525,Male,23-30,STEM
75,0.41931724507869483,16.748121222241522,40,93.1886709106627,-0.06732512512739641,Female,23-30,STEM
76,0.5485228007148322,14.554920888116738,77,73.55119529149385,-0.2579264088540639,Female,31+,Humanities
77,0.4198213312233731,7.427980349078066,50,71.38406292581737,0.18973786920999358,Male,18-22,Humanities
78,0.8619996260443005,18.533726129204382,30,50.59010609770142,-0.16900688015603316,Female,23-30,STEM
79,0.9379276162079443,7.414618427925248,71,79.80934555038758,0.22182608356039601,Female,23-30,STEM
80,0.9329743035561877,13.210541860956132,34,88.57146751181196,0.3994959664945019,Male,31+,Humanities
81,0.3684463050066378,8.982896599922569,26,65.16226039790081,0.37028853143663265,Male,23-30,STEM
82,0.695682261279422,11.74344661362803,47,86.10742809904235,-0.16326009206579373,Male,18-22,Humanities
83,0.9217691895735706,13.315049641213921,70,96.11726265674301,-0.5163376571121202,Female,31+,STEM
84,0.48783704257771804,13.285428861801092,77,55.79962233376752,-0.06810012461424719,Female,31+,Humanities
85,0.761908205409515,13.68768301694114,24,72.73647045332129,-0.5575899550607551,Female,18-22,Humanities
86,0.3753047604439275,18.454845076234587,24,60.2183117784825,0.7131649598124743,Female,31+,STEM
87,0.6784592836164077,13.81413720605592,27,87.02128420879349,-0.21200831674564236,Male,23-30,Humanities
88,0.5944837395903813,11.023373458837405,83,75.61244839170135,-0.5374184297203496,Female,23-30,Humanities
89,0.5908897261177123,15.856348673153429,29,78.6328681301661,-0.7567388081602235,Male,18-22,Humanities
90,0.7208060605647463,16.75788195569856,57,87.28945045964238,0.2978980566870233,Female,23-30,STEM
91,0.5902878865575083,7.08956873945203,27,65.9864350511101,0.2827339396730635,Male,18-22,STEM
92,0.7617869849250746,14.389600279399431,44,93.49977362557328,-0.2209729168118042,Male,18-22,STEM
93,0.6823870511012754,14.804690969243593,85,73.25052996404541,-0.6780897889589933,Male,23-30,Humanities
94,0.2019636338163382,10.809745986560031,69,53.37160561027345,-0.1036308786781055,Female,18-22,STEM
95,0.6338225459025953,17.50282725324648,86,81.88265326294653,-0.27093025839223095,Male,23-30,Humanities
96,0.7778365133223363,11.399777651869893,68,87.04285157322748,0.3511050875495161,Male,31+,Humanities
97,0.755969931080648,12.502305813886169,55,61.788368884578915,0.22982472406957366,Female,31+,STEM
98,0.7657883118190935,11.30771270286452,87,90.43050062093391,-0.180190662064182,Male,18-22,STEM
99,0.7383187720668951,12.06231619032587,60,93.02559250258562,-0.42958265776651683,Female,23-30,Humanities
100,0.49804021650836316,7.614899652419193,81,59.67593783102387,0.8796611424645062,Female,23-30,Humanities
101,0.6843188910704234,6.2397964696228225,29,97.12663805390676,-0.028197243966604724,Male,31+,STEM
102,0.5409845403382396,18.378020252899887,40,52.457710986584196,0.37006620082640307,Male,31+,STEM
103,0.7465891404679688,8.612154606726689,55,55.70683042533197,-0.5610599551167867,Female,23-30,STEM
104,0.6661916244600647,8.034430602174771,31,54.76391647961539,0.025502489420976326,Male,18-22,Humanities
105,0.7993476622797075,4.0,21,92.38145463041712,-0.7531875762219087,Female,31+,Humanities
106,0.5266219192413941,9.44415300924199,32,79.67750527322298,0.05927370044776492,Female,18-22,Humanities
107,0.6443849413983378,6.707640826370007,72,53.061527010780466,0.8388295921000941,Female,18-22,Humanities
108,0.5304841491569,18.568060640545475,51,68.3371411735225,-0.14684858792413957,Male,31+,Humanities
109,0.902502568658667,16.03926835737054,35,77.61079532869951,-0.7337067786226503,Female,18-22,STEM
110,0.9072663392520943,9.247398619289104,51,49.42359650443731,-0.7473751554371161,Male,18-22,STEM
111,0.3105911799328172,21.009743221377235,51,91.76806752558895,-0.14042250809032186,Male,23-30,Humanities
112,0.3745433386218656,15.927061947966378,30,87.59098737840137,-0.5279576080125701,Male,18-22,Humanities
113,0.37836759809899073,10.70067446596551,29,71.77595899956182,-0.760301436242084,Male,23-30,STEM
114,0.1633241600382669,4.0,34,96.25771060873603,0.48556314371530074,Female,31+,STEM
115,0.818251848601692,21.16377029036297,36,67.14133190158029,-0.020510884900785786,Male,31+,STEM
116,0.7845018202433167,6.441710132945616,59,97.15784690893437,-0.3082838876464873,Female,23-30,STEM
117,0.7580048547215497,5.418405012172433,37,80.39975993659223,0.7301414111280173,Female,31+,Humanities
118,0.7045857384701317,16.090281728038562,74,78.6375774824589,-0.6025637676591065,Male,18-22,STEM
119,0.6764024824329725,21.75900962535709,44,53.79560945067661,0.8250620092240428,Female,18-22,Humanities
120,0.9074288614274196,17.537091274042073,78,91.74217119014614,-0.2662565804585002,Female,18-22,STEM
121,0.5386114506015363,14.25563648020944,41,67.6569534597926,0.7102862429247583,Male,31+,STEM
122,0.3230329723522724,14.379017366661143,49,53.598370506471404,0.22500289001508467,Female,18-22,STEM
123,0.7163342574350857,15.413662235121231,63,45.66819855871523,0.6054025115605288,Female,31+,Humanities
124,0.6187652079132737,15.035714359147061,51,74.66705123283427,0.8728223774577895,Female,18-22,Humanities
125,0.34346639418815295,13.124765695877503,70,72.95217997250185,-0.3097107557081323,Female,23-30,STEM
126,0.4568624127043578,12.416804415807505,65,83.12574198556541,0.8339303251929082,Male,31+,Humanities
127,0.7713227125147353,11.749627488401911,40,92.1836768099435,-0.13788077866588533,Female,31+,Humanities
128,0.9385024145463664,8.984141644533295,51,49.208548986080565,-0.14462976194723198,Female,18-22,STEM
129,0.5358404313347397,10.877299692532905,58,83.7693139880392,-0.22134192276734033,Female,31+,STEM
130,0.4700162726147923,5.228172743218458,31,54.93283303717186,0.12039293249089489,Female,31+,Humanities
131,0.8093938675088801,11.606641492821,66,90.4833838173297,-0.537953426596572,Male,23-30,Humanities
132,0.5061050030503884,8.04563557139633,37,88.41036623466778,0.14130952510861905,Female,23-30,Humanities
133,0.18647004378974188,7.585642731136916,40,73.66206901423385,0.1208981810970069,Male,18-22,STEM
134,0.7482535952370172,12.719576604613914,32,82.6428683270355,0.49523308142827904,Female,23-30,STEM
135,0.6651998288382691,17.568009145378397,40,61.660555998738666,0.6172049352938955,Male,18-22,Humanities
136,0.6842722162996329,15.673266424009253,27,69.97189864343918,-0.05124970446887911,Male,18-22,STEM
137,0.82973944268802,5.717997585507292,65,88.546755578655,-0.28603347610246066,Male,18-22,STEM
138,0.6882478146230392,8.04148745371865,26,69.34105545018033,-0.3591306745609394,Male,31+,Humanities
139,0.6803873459075181,15.763084751952864,42,63.963308062248416,-0.4691394776017177,Male,23-30,Humanities
140,0.6155963740778282,8.070050425846762,41,71.1932597042659,-0.7019991102616577,Female,18-22,STEM
141,0.4972901539263509,11.101467400011902,41,88.89721037917258,-0.2178384359809873,Female,23-30,STEM
142,0.2037320424974503,14.200208396098208,48,62.76602651065625,-0.3405789233776685,Female,18-22,Humanities
143,0.7124098125306356,8.126622180545459,32,54.20936443619442,0.8429095559728925,Male,23-30,STEM
144,0.6953209357930097,12.42150202458384,21,82.73674307753137,0.1481050046250747,Female,23-30,STEM
145,0.42748317086102483,6.663898020327182,48,88.77684527352834,-0.20962903364813712,Male,18-22,Humanities
146,0.2797731766150597,9.594529424195144,71,50.333786361747265,0.18679492168928324,Male,31+,Humanities
147,0.6096304168520642,13.279127736570148,46,57.713327976065074,-0.5633656077123177,Female,23-30,STEM
148,0.7727785974137326,5.628025065873323,69,52.524515457332676,-0.045125626356255055,Female,31+,STEM
149,0.7541758394210835,13.761898951841596,42,63.44089481385483,0.2645983464158086,Male,31+,STEM
150,0.3916647735345092,11.921448804293275,63,68.86860188198688,0.03112631404716737,Male,18-22,Humanities
151,0.4995695214044142,14.20995981766859,41,84.68779585905524,-0.11697603888764874,Female,18-22,STEM
152,0.40654324383082024,12.895656536258645,62,79.51082199872873,0.889542261129487,Female,18-22,STEM
153,0.31466349275868305,17.456561719895376,56,77.90921407635685,0.696535095653176,Female,23-30,Humanities
154,0.9254426351380681,12.500898010591628,80,63.675872170311685,0.25979012887104824,Female,18-22,Humanities
155,0.5012926744883174,10.282377835498988,75,89.59672031349228,0.16794151400988078,Male,18-22,STEM
156,0.8197009581170679,12.489190012129136,22,69.97821987210273,0.25512281570179285,Female,23-30,Humanities
157,0.4573035778255363,14.173192116145552,82,96.8925617148032,-0.4577694167018635,Female,23-30,Humanities
158,0.724246990888247,12.195440281302817,38,78.60953332967405,-0.12826583645065837,Female,18-22,STEM
159,0.7681171440335157,12.162366764815529,42,51.69203130291864,-0.7329187940854712,Male,18-22,Humanities
160,0.6560280065058912,9.19203324877298,48,80.837410789998,0.008428263727605412,Male,18-22,Humanities
161,0.7324797347580086,9.348396329796207,49,62.23051281788005,0.1231417927280275,Male,18-22,STEM
162,0.7403018591968279,6.389578912801226,58,81.37534142436317,-0.4128254486245437,Male,31+,Humanities
163,0.7729064652464219,18.998306972747756,44,48.6909808526075,0.8388490401813735,Female,31+,STEM
164,0.44047426414945423,7.02454705843486,27,54.268716170325845,0.7460728385933115,Male,18-22,STEM
165,0.35486001876870266,9.22837920881637,77,90.35407472200669,0.42764350027504006,Female,31+,Humanities
166,0.9700409944646438,9.12637093772321,35,57.04051652224629,0.10675726890111648,Female,23-30,Humanities
167,0.20035539285527365,15.579697507777766,20,89.36317963787582,0.6789475714010644,Female,31+,Humanities
168,0.36592174584806175,10.820201286831889,24,59.80163268808376,-0.5778910155001131,Female,31+,STEM
169,0.7145969993952975,16.990968290694937,22,79.07274123311151,0.5438666502673046,Male,18-22,Humanities
170,0.7126701530732424,9.306037503024527,84,81.78998039602104,-0.5878046162563579,Male,31+,STEM
171,0.8130416378280081,13.115976648895208,23,72.1707019166878,0.5501581263339894,Male,31+,Humanities
172,0.7638568074405596,8.658611786960972,83,61.18146586492676,-0.3311951339726932,Female,31+,Humanities
173,0.8477271396915159,20.580596511093553,29,56.2701519476681,0.6910539877309212,Female,31+,Humanities
174,0.38406091493408123,7.249606323881949,40,46.75903579180859,0.8048715595031763,Female,23-30,STEM
175,0.13433119688764572,13.23928284090811,65,61.109159265758365,-0.5470468520113034,Female,18-22,Humanities
176,0.8411401724364117,14.535107523728394,46,79.61762789815799,-0.01345147138883096,Female,18-22,Humanities
177,0.5052444888945574,13.655196389805994,85,94.73015537776959,0.8676785428765648,Male,23-30,STEM
178,0.40070635454660125,11.258849364489167,60,91.17383755994176,0.021792641154349313,Female,31+,STEM
179,0.8506090734347468,11.480717201066295,32,85.60143315637103,0.668030788274727,Male,23-30,Humanities
180,0.4730527985407212,12.175245887916438,28,86.78770919242483,0.20084358762324372,Female,31+,Humanities
181,0.4396597611249148,11.411991993486046,55,80.24419988422775,-0.1619391565366768,Female,23-30,Humanities
182,0.6730457394746254,15.855516467179639,77,58.79520345099816,-0.3141679556060206,Male,18-22,STEM
183,0.809663589448704,20.842092006365405,73,93.08133662740897,-0.45452074515365165,Male,18-22,STEM
184,0.6844665650248302,9.770032859968666,31,80.5488125310092,0.49505692534208534,Female,18-22,STEM
185,0.8557311689627678,6.520788081683689,33,74.70335344196332,-0.1428811384008526,Female,31+,STEM
186,0.3242564773116625,11.64687180659498,53,50.882441868314494,0.06916828574127698,Female,31+,Humanities
187,0.786978851919658,22.318837350617272,72,68.69394382174055,0.03695331600200935,Female,23-30,STEM
188,0.8443587723162218,8.785301728121077,39,69.3989883737021,0.18137434969632316,Male,23-30,STEM
189,0.6688249892843383,18.55646722177627,35,90.82187130470152,0.6714811475617388,Female,18-22,STEM
190,0.7116549206064197,18.710803256305763,89,73.97235566995279,0.8672568840918302,Male,31+,Humanities
191,0.3374562440421023,9.785647033168022,75,65.16122909543171,-0.10710684542451121,Female,23-30,Humanities
192,0.9692091904094319,14.275932316741102,77,96.77041741106495,0.6067821675807152,Male,31+,STEM
193,0.5315678507563302,18.51358649251415,23,50.86819144629473,0.4996972509130202,Male,31+,STEM
194,0.5355991916979934,10.483489036050052,23,67.39506670053306,0.17499921747447456,Female,18-22,Humanities
195,0.8717102421954567,11.185678559590553,39,47.22730778408448,0.8252801441402864,Male,18-22,Humanities
196,0.44356864396085394,9.673276344205425,29,84.2149184006473,-0.4591933236017153,Female,31+,Humanities
197,0.6512332272727791,7.9409730772285325,43,93.65805726655498,-0.6142508424736436,Male,31+,Humanities
198,0.3669850106608873,9.402889819735972,45,59.84197846617594,0.6517353438242177,Female,31+,Humanities
199,0.7432144343644617,7.104238932950974,56,90.4921088703534,-0.0534453117226279,Male,31+,Humanities
200,0.8622095194372444,12.136333873036904,73,60.48756621448058,0.639847052152003,Female,18-22,Humanities
201,0.357194639471383,8.920107075765433,40,93.2708185671275,0.7182533488322056,Female,23-30,Humanities
202,0.24727962868441025,12.935143647162992,57,84.95998089062955,-0.6938220908475786,Male,18-22,STEM
203,0.09280857900857047,5.776417415185491,65,87.66005917259625,0.7018900970763033,Male,23-30,STEM
204,0.4556157583294373,13.323520928857828,23,45.95434744682409,-0.03785760587198228,Male,31+,STEM
205,0.6046622264385324,15.334115846435699,79,96.02894892492338,0.06773523130719483,Male,23-30,STEM
206,0.916877008113479,4.025057429714178,76,83.51356257972714,0.26520726885845747,Female,18-22,STEM
207,0.6723565072778996,13.496226279390289,64,61.15180805546507,0.7748504314411475,Male,18-22,STEM
208,0.6884376530758154,16.91067596989317,39,88.95791723751888,-0.7675026394694012,Female,31+,Humanities
209,0.8117042582572024,7.161435925235178,36,59.92062351599129,0.01063389614028909,Male,18-22,Humanities
210,0.6674443827040377,18.690289547350815,23,91.25595349700478,0.3691274721319533,Female,31+,STEM
211,0.4861188042656191,13.676076037464181,33,50.96676069183266,0.42860182808698855,Female,18-22,STEM
212,0.5645055384389428,9.179952576966365,22,82.29535680542217,0.3773051336130837,Female,18-22,Humanities
213,0.8012057259524178,11.776923689369175,77,73.65701926218026,-0.5714602800061929,Female,31+,Humanities
214,0.805948865231786,14.23330765008689,74,50.11632692035836,-0.2910274997681419,Male,23-30,Humanities
215,0.28530172196249537,12.304021565649647,23,57.820372897718464,-0.19018360679107715,Male,18-22,STEM
216,0.649757968332037,14.155023969785477,43,45.657413922697685,0.5675432530551585,Female,23-30,Humanities
217,0.5004896223348299,8.317305627682535,53,69.84470216961881,-0.3261082168952599,Male,18-22,STEM
218,0.8459645218000961,12.677443296144311,49,60.967058820280016,-0.4418015614257546,Male,18-22,STEM
219,0.33601846811170216,6.345142012380079,38,76.71294666778121,0.8276616323647636,Female,18-22,Humanities
220,0.7934075823018301,11.5550957546052,50,60.75360380855671,-0.7849324153071029,Male,18-22,Humanities
221,0.9159259345749593,8.38436943414084,79,60.89571290987019,0.8962954546593631,Male,23-30,STEM
222,0.49453737489692595,9.057880229640933,79,84.38923953277498,0.35059620805757263,Male,23-30,Humanities
223,0.5634192857559404,16.94437270084175,38,47.55157030685273,0.6083978090634992,Female,18-22,Humanities
224,0.6469050241892919,16.365240482377075,68,92.85343474517532,-0.2991470262114716,Male,18-22,STEM
225,0.637719135485825,14.436552483628708,82,90.16998534273262,-0.7756640279659981,Female,23-30,Humanities
226,0.2690304898820738,7.630748941309684,41,80.39364821099954,0.4543781815546011,Male,31+,STEM
227,0.48985673480860686,10.734366201220793,43,76.44074321569137,0.618045814901149,Male,31+,STEM
228,0.806073561861774,16.852390799916733,49,92.29203240140157,0.4588094243209826,Male,23-30,Humanities
229,0.6084894214677541,12.56686765455962,77,54.82249951502187,-0.5571545115885744,Female,18-22,STEM
230,0.8746297171589346,21.27731815992678,50,49.18536559611392,0.4808274678368476,Female,18-22,STEM
231,0.7498595914018134,13.573271357577488,83,57.69403900520552,0.5071687295829899,Male,31+,Humanities
232,0.5022303416424444,12.768196465960127,38,87.11264877111009,0.3195188766390933,Female,31+,Humanities
233,0.4479111777652628,10.763534143189995,67,46.83752413650362,0.5023970857524966,Male,23-30,Humanities
234,0.3109246700649681,12.53416361912913,64,75.88876225942495,0.6380664474521447,Female,31+,STEM
235,0.31605633911120645,11.390120654477824,74,97.75818835813942,0.24312699420367934,Female,23-30,STEM
236,0.6053005599775887,14.832434706754363,74,90.3518929733896,-0.6493719862515457,Male,31+,Humanities
237,0.6093865538709157,15.826809267178337,37,72.63662151931024,0.02896727643425856,Male,31+,STEM
238,0.5677163953504015,8.856042157968202,82,48.37296819219205,-0.6679961310582714,Male,31+,Humanities
239,0.7667030535236259,6.675068185768888,66,89.06279626244262,-0.10717684724486753,Male,18-22,Humanities
240,0.3558636104481426,4.655178507586814,76,76.74586093339215,-0.10791896848643301,Female,18-22,STEM
241,0.552595466290269,14.031965307650175,64,51.09144884415704,-0.6877832649615894,Female,18-22,Humanities
242,0.6210441232366956,7.586533575304506,52,49.97443609563788,-0.20700509225188513,Female,31+,STEM
243,0.32052545448280295,4.0,36,93.2102214301394,-0.6113032320547648,Male,23-30,STEM
244,0.8471098042270673,13.554314418123857,89,80.46761393571816,0.5739998570156777,Male,23-30,Humanities
245,0.4151088238598592,21.971998069731164,23,88.95220036378805,0.8110696441396004,Female,23-30,STEM
246,0.5375885584232001,11.975716353840427,39,91.58588171496017,-0.6770619920615044,Male,23-30,Humanities
247,0.595210206568356,15.353963097806567,66,75.30393465856108,0.8236958523958926,Female,18-22,STEM
248,0.5966809707125152,12.32731743419026,34,72.42465664301719,0.08838021887246683,Female,18-22,STEM
249,0.7411794011708326,11.604441387235429,89,67.81265274701248,-0.2907383474784143,Female,31+,STEM
250,0.3334678012288126,15.676305931951074,66,61.79816915292932,-0.6693344720305221,Female,31+,Humanities
251,0.49162173449209867,10.838901823245395,28,68.03358592551172,0.05106125571971032,Female,23-30,STEM
252,0.8966100731658169,13.069569256287611,35,86.0156217536983,0.5506764256342729,Male,18-22,Humanities
253,0.4234292946868907,13.286791224784054,88,76.90194184380198,0.40204701135338694,Male,23-30,STEM
254,0.5140656368985816,9.327638185427805,80,92.30373436760684,-0.7146157805112446,Male,31+,STEM
255,0.6376779208234004,15.968169398146092,29,68.49914076209694,-0.676066879874564,Female,31+,Humanities
256,0.6793948859716131,11.300160973218365,69,77.17574767209396,-0.11511541952451687,Female,23-30,Humanities
257,0.5632430926477258,8.97701936202862,22,78.4593003138754,-0.29800616011849645,Female,31+,Humanities
258,0.7328170354288652,14.146039374281614,89,76.35994960223525,-0.4049466508047187,Female,23-30,Humanities
259,0.633914460711136,8.406128072835852,70,82.23958997353236,-0.3222923518551869,Male,18-22,Humanities
260,0.37990650484422495,12.112724629476514,38,57.58397382386473,0.565920663604704,Male,23-30,STEM
261,0.3998590398101557,11.963524013423186,61,72.1552802099269,0.7796876911741517,Female,18-22,STEM
262,0.6636813102057959,16.34358226332631,54,50.52391454884243,-0.11132541930313711,Female,18-22,Humanities
263,0.509162804636541,13.89879293151981,65,65.37910036517506,0.7403887036252452,Female,31+,STEM
264,0.7592400960704322,11.899892165019425,45,70.84635463692702,-0.25345730787860066,Male,31+,STEM
265,0.4570477078541859,15.271065196801148,88,79.56788575591004,0.009942876784445831,Male,31+,STEM
266,0.7946635106136897,17.560830196069254,83,95.37814578706879,-0.4157507037128005,Male,23-30,Humanities
267,0.5835008094796305,14.231241225407448,56,76.83450652706286,0.2888092716989348,Female,23-30,STEM
268,0.8888601229271812,12.041410479373523,68,84.41047755735767,0.8642678957971752,Female,31+,STEM
269,0.6215453245276978,6.752655070599362,40,71.83210115324574,0.22593826327374367,Male,23-30,STEM
270,0.7308747794783625,7.73954534769851,83,78.60751366294556,-0.19171605700696692,Female,31+,Humanities
271,0.5143725786930979,10.779101182581329,24,48.75940745508999,0.3012896581838984,Male,23-30,STEM
272,0.20334614564074502,9.561951191362867,89,58.48275378461789,-0.5910348466088411,Female,18-22,STEM
273,0.5838062988707333,11.252114788058217,23,64.17821393987235,0.7107204364511779,Male,18-22,Humanities
274,0.488675806719526,12.226599699588428,58,70.04214781534522,0.05524271632572186,Female,31+,Humanities
275,0.5209062175374589,14.118771017426923,54,47.419383511626336,-0.0361054385326085,Male,23-30,STEM
276,0.24577013887190713,11.718004887763636,20,52.42127717032584,0.1959701403709827,Male,23-30,STEM
277,0.7554030276824956,13.946006575304807,43,59.671158312939205,0.26213256674198426,Male,18-22,Humanities
278,0.8994467824156435,12.25789765924048,76,96.49123261775568,-0.6779811294149278,Male,18-22,Humanities
279,0.9580583967937812,4.098133734584515,89,62.561391376461685,0.36044927607978416,Male,31+,Humanities
280,0.6464836449531205,8.242658424724983,60,70.54817607994038,-0.38871614346359973,Male,18-22,Humanities
281,0.4619627893153051,11.423649777113539,73,55.39317877513483,0.4137194752612028,Female,31+,Humanities
282,0.8225787780767803,7.16122102863557,65,77.37134376701572,0.5983091504531346,Female,18-22,Humanities
283,0.5770783182138576,14.399714919984818,79,59.87621042234664,0.5667294628392845,Female,18-22,Humanities
284,0.7100774174205247,18.12300332937479,79,55.970606657236615,0.13925164459341155,Male,23-30,STEM
285,0.5024665317890586,16.875047406789268,76,72.3783493076369,0.08428881692827705,Male,18-22,Humanities
286,0.4217618102953267,11.146228516279168,50,45.2918073555023,-0.5571108657230001,Female,18-22,Humanities
287,0.6414115768916034,17.96290454739981,43,45.406193730408944,0.5180884556853307,Male,31+,STEM
288,0.7416576742119565,12.594669828808446,55,56.61064688239846,-0.33860405324058557,Male,18-22,Humanities
289,0.6266547765962798,10.651656115527842,49,46.94623221254352,0.04438221879050919,Male,31+,Humanities
290,0.7379227126091709,9.546389345836241,43,50.72536496892664,-0.3167340420232216,Male,18-22,STEM
291,0.773899172373587,10.790121254047486,49,62.95961441495383,-0.5724917829005217,Male,18-22,Humanities
292,0.6088170210838145,10.447292725835085,26,87.53704101773008,0.2702480847159523,Female,31+,STEM
293,0.7781942605334302,12.68166488950195,54,75.31857809857294,-0.7076355408010635,Female,23-30,STEM
294,0.7419076692052736,12.642295924199459,74,72.17138947569006,0.47269689801454007,Female,31+,STEM
295,0.5990772772364562,12.012184080613657,33,60.55490763003045,-0.2601024480561016,Female,31+,STEM
296,0.8806723306931385,13.7477526789854,29,94.38294712993927,-0.799771021892375,Female,31+,Humanities
297,0.29637541010904433,16.762585099145365,35,66.04179718557116,0.06891953670329076,Male,23-30,STEM
298,0.47165442067311536,15.798216541765296,73,49.61591664017589,-0.7203517555030747,Male,18-22,STEM
299,0.7496954006027507,6.060408126200386,89,77.70452535424346,-0.3305117517044709,Male,31+,Humanities
